text,label
Python's simplicity makes it a go-to language for rapid development.,programming/python
"Data Science is like a treasure hunt, and Python is my map!",both
Python frameworks like Django make web development a piece of cake.,programming/python
Python's ecosystem is rich with libraries for both Data Science and Web Development.,both
"With NLP, sentiment analysis is easier and more accurate.",data science
Data Science helps in making informed decisions by interpreting complex data.,data science
Natural Language Processing helps in making chatbots more interactive.,data science
Natural Language Processing powers the search engines we use every day.,data science
Data Science is the key that unlocks the door to decision-making in businesses.,data science
The beauty of NLP lies in its ability to understand the nuances of human language.,data science
Machine Learning and NLP are the dynamic duo in the field of Data Science.,data science
Python is my favorite programming language.,programming/python
Python and Data Science are like two peas in a pod.,both
"From web scraping to data analysis, Python is a versatile language.",programming/python
Data Science techniques are being used to predict natural disasters.,data science
Natural Language Processing is fascinating. It's like teaching machines to read!,data science
NLP is making customer service more efficient with automated responses.,data science
Natural Language Processing can identify fake news with high accuracy.,data science
Programming is amazing. Programming is love. Programming is life.,programming/python
Data Science is transforming the retail industry by optimizing supply chains.,data science
"With Python, you can automate boring stuff and focus on problem-solving.",programming/python
Data Science can also be applied in the field of sports for performance analysis.,data science
"I love programming, I would give it an A+!",programming/python
NLP is the future; it's like giving ears and a voice to a machine.,data science
Natural Language Processing can summarize long documents in seconds.,data science
The versatility of Python is what sets it apart from other programming languages.,programming/python
Data Science is indispensable in the field of finance for risk assessment.,data science
Data Science is paving the way for personalized marketing strategies.,data science
Python is also widely used in developing Artificial Intelligence solutions.,programming/python
Natural Language Processing is at the heart of voice-activated systems.,data science
Data Science is helping in the development of autonomous vehicles.,data science
"When it comes to text analysis, nothing beats the capabilities of NLP.",data science
I find joy in crunching numbers and analyzing data. Data Science is my playground.,data science
Python is not just for Data Science; it's also widely used in web development.,programming/python
Python is an excellent language for both beginners and experts.,programming/python
Data visualization in Python is a breeze thanks to libraries like Matplotlib and Seaborn.,both
"Data Science is my canvas, and machine learning algorithms are my brushes.",data science
Data Science is key in the field of astronomy for data analysis from telescopes.,data science
"NLP allows me to combine linguistics and coding, two of my favorite things.",data science
Python is also making waves in the field of game development.,programming/python
The Pandas library in Python is a Data Scientist's best friend.,data science
The power of Data Science lies in turning raw data into meaningful insights.,data science
Data Science isn't just a field; it's an art of making sense out of chaos.,data science
Data Science and Python are revolutionizing the healthcare industry.,both
I enjoy learning new programming languages. The best is Python. Programming is so fun!,programming/python
"Natural Language Processing can detect emotions in text, making machines more empathic.",data science
Python libraries like Pandas and NumPy make Data Science easier.,both
Natural Language Processing is making strides in language translation.,data science
NLP can be used to automatically tag and categorize articles.,data science
Data Science is becoming increasingly relevant in social sciences.,data science
